CDU_ID,GEO_CODE,GEO_LABEL,GEO_TYPE,GEO_TYP2,F576,F580,F584,F637,F638,F588,F639,F640,F641,F642,F592,F643,F644,F645,F646,F647,F648,F649,F596,F650,F651,F652,F653,F600,F654,F655,F656,F657,F658,F659,F604,F660,F661,F662,F663,F608,F664,F665,F666,F667,F668,F669,F670,F612,F671,F672,F673,F674,F675,F616,F620,F624,F628,F632,F636
,,,,,"Age : Age 16 to 74 - NS-SeC (National Statistics Socio-economic Classification) : All categories: NS-SeC - Unit : Persons","Age : Age 16 to 74 - NS-SeC (National Statistics Socio-economic Classification) : 1. Higher managerial; administrative and professional occupations - Unit : Persons","Age : Age 16 to 74 - NS-SeC (National Statistics Socio-economic Classification) : 1.1 Large employers and higher managerial and administrative occupations - Unit : Persons","Age : Age 16 to 74 - NS-SeC (National Statistics Socio-economic Classification) : L1 Employers in large establishments - Unit : Persons","Age : Age 16 to 74 - NS-SeC (National Statistics Socio-economic Classification) : L2 Higher managerial and administrative occupations - Unit : Persons","Age : Age 16 to 74 - NS-SeC (National Statistics Socio-economic Classification) : 1.2 Higher professional occupations - Unit : Persons","Age : Age 16 to 74 - NS-SeC (National Statistics Socio-economic Classification) : L3.1 Traditional employees - Unit : Persons","Age : Age 16 to 74 - NS-SeC (National Statistics Socio-economic Classification) : L3.2 New employees - Unit : Persons","Age : Age 16 to 74 - NS-SeC (National Statistics Socio-economic Classification) : L3.3 Traditional self-employed - Unit : Persons","Age : Age 16 to 74 - NS-SeC (National Statistics Socio-economic Classification) : L3.4 New self-employed - Unit : Persons","Age : Age 16 to 74 - NS-SeC (National Statistics Socio-economic Classification) : 2. Lower managerial; administrative and professional occupations - Unit : Persons","Age : Age 16 to 74 - NS-SeC (National Statistics Socio-economic Classification) : L4 Lower professional and higher technical occupations - Unit : Persons","Age : Age 16 to 74 - NS-SeC (National Statistics Socio-economic Classification) : L4.1 Traditional employees - Unit : Persons","Age : Age 16 to 74 - NS-SeC (National Statistics Socio-economic Classification) : L4.2 New employees - Unit : Persons","Age : Age 16 to 74 - NS-SeC (National Statistics Socio-economic Classification) : L4.3 Traditional self-employed - Unit : Persons","Age : Age 16 to 74 - NS-SeC (National Statistics Socio-economic Classification) : L4.4 New self-employed - Unit : Persons","Age : Age 16 to 74 - NS-SeC (National Statistics Socio-economic Classification) : L5 Lower managerial and administrative occupations - Unit : Persons","Age : Age 16 to 74 - NS-SeC (National Statistics Socio-economic Classification) : L6 Higher supervisory occupations - Unit : Persons","Age : Age 16 to 74 - NS-SeC (National Statistics Socio-economic Classification) : 3. Intermediate occupations - Unit : Persons","Age : Age 16 to 74 - NS-SeC (National Statistics Socio-economic Classification) : L7.1 Intermediate clerical and administrative occupations - Unit : Persons","Age : Age 16 to 74 - NS-SeC (National Statistics Socio-economic Classification) : L7.2 Intermediate sales and service occupations - Unit : Persons","Age : Age 16 to 74 - NS-SeC (National Statistics Socio-economic Classification) : L7.3 Intermediate technical and auxiliary occupations - Unit : Persons","Age : Age 16 to 74 - NS-SeC (National Statistics Socio-economic Classification) : L7.4 Intermediate engineering occupations - Unit : Persons","Age : Age 16 to 74 - NS-SeC (National Statistics Socio-economic Classification) : 4. Small employers and own account workers - Unit : Persons","Age : Age 16 to 74 - NS-SeC (National Statistics Socio-economic Classification) : L8 Employers in small establishments - Unit : Persons","Age : Age 16 to 74 - NS-SeC (National Statistics Socio-economic Classification) : L8.1 Employers in small establishments in industry; commerce; services etc. - Unit : Persons","Age : Age 16 to 74 - NS-SeC (National Statistics Socio-economic Classification) : L8.2 Employers in small establishments in agriculture - Unit : Persons","Age : Age 16 to 74 - NS-SeC (National Statistics Socio-economic Classification) : L9 Own account workers - Unit : Persons","Age : Age 16 to 74 - NS-SeC (National Statistics Socio-economic Classification) : L9.1 Own account workers (non-professional) - Unit : Persons","Age : Age 16 to 74 - NS-SeC (National Statistics Socio-economic Classification) : L9.2 Own account workers (agriculture) - Unit : Persons","Age : Age 16 to 74 - NS-SeC (National Statistics Socio-economic Classification) : 5. Lower supervisory and technical occupations - Unit : Persons","Age : Age 16 to 74 - NS-SeC (National Statistics Socio-economic Classification) : L10 Lower supervisory occupations - Unit : Persons","Age : Age 16 to 74 - NS-SeC (National Statistics Socio-economic Classification) : L11 Lower technical occupations - Unit : Persons","Age : Age 16 to 74 - NS-SeC (National Statistics Socio-economic Classification) : L11.1 Lower technical craft occupations - Unit : Persons","Age : Age 16 to 74 - NS-SeC (National Statistics Socio-economic Classification) : L11.2 Lower technical process operative occupations - Unit : Persons","Age : Age 16 to 74 - NS-SeC (National Statistics Socio-economic Classification) : 6. Semi-routine occupations - Unit : Persons","Age : Age 16 to 74 - NS-SeC (National Statistics Socio-economic Classification) : L12.1 Semi-routine sales occupations - Unit : Persons","Age : Age 16 to 74 - NS-SeC (National Statistics Socio-economic Classification) : L12.2 Semi-routine service occupations - Unit : Persons","Age : Age 16 to 74 - NS-SeC (National Statistics Socio-economic Classification) : L12.3 Semi-routine technical occupations - Unit : Persons","Age : Age 16 to 74 - NS-SeC (National Statistics Socio-economic Classification) : L12.4 Semi-routine operative occupations - Unit : Persons","Age : Age 16 to 74 - NS-SeC (National Statistics Socio-economic Classification) : L12.5 Semi-routine agricultural occupations - Unit : Persons","Age : Age 16 to 74 - NS-SeC (National Statistics Socio-economic Classification) : L12.6 Semi-routine clerical occupations - Unit : Persons","Age : Age 16 to 74 - NS-SeC (National Statistics Socio-economic Classification) : L12.7 Semi-routine childcare occupations - Unit : Persons","Age : Age 16 to 74 - NS-SeC (National Statistics Socio-economic Classification) : 7. Routine occupations - Unit : Persons","Age : Age 16 to 74 - NS-SeC (National Statistics Socio-economic Classification) : L13.1 Routine sales and service occupations - Unit : Persons","Age : Age 16 to 74 - NS-SeC (National Statistics Socio-economic Classification) : L13.2 Routine production occupations - Unit : Persons","Age : Age 16 to 74 - NS-SeC (National Statistics Socio-economic Classification) : L13.3 Routine technical occupations - Unit : Persons","Age : Age 16 to 74 - NS-SeC (National Statistics Socio-economic Classification) : L13.4 Routine operative occupations - Unit : Persons","Age : Age 16 to 74 - NS-SeC (National Statistics Socio-economic Classification) : L13.5 Routine agricultural occupations - Unit : Persons","Age : Age 16 to 74 - NS-SeC (National Statistics Socio-economic Classification) : 8. Never worked and long-term unemployed - Unit : Persons","Age : Age 16 to 74 - NS-SeC (National Statistics Socio-economic Classification) : L14.1 Never worked - Unit : Persons","Age : Age 16 to 74 - NS-SeC (National Statistics Socio-economic Classification) : L14.2 Long-term unemployed - Unit : Persons","Age : Age 16 to 74 - NS-SeC (National Statistics Socio-economic Classification) : Not classified - Unit : Persons","Age : Age 16 to 74 - NS-SeC (National Statistics Socio-economic Classification) : L15 Full-time students - Unit : Persons","Age : Age 16 to 74 - NS-SeC (National Statistics Socio-economic Classification) : L17 Not classifiable for other reasons - Unit : Persons"
2353,E05001341,Baildon,"Wards and Electoral Divisions",WED,11326,1528,375,0,375,1153,562,421,141,29,2992,1916,1487,205,177,47,678,398,1869,1272,442,110,45,1222,332,325,7,890,869,21,709,368,341,309,32,1266,369,455,91,135,5,149,62,820,149,106,272,288,5,311,177,134,609,609,0
2354,E05001342,Bingley,"Wards and Electoral Divisions",WED,13412,1868,434,2,432,1434,715,527,153,39,3564,2358,1883,260,167,48,826,380,2160,1370,580,160,50,1232,318,314,4,914,892,22,803,394,409,360,49,1403,394,509,111,165,5,171,48,1137,186,130,385,426,10,413,225,188,832,832,0
2355,E05001343,"Bingley Rural","Wards and Electoral Divisions",WED,13236,1497,392,4,388,1105,549,376,150,30,3310,2114,1698,211,157,48,754,442,2091,1331,559,157,44,1392,433,411,22,959,907,52,880,418,462,408,54,1637,404,614,122,197,14,200,86,1170,176,145,390,451,8,404,258,146,855,855,0
2356,E05001344,"Bolton and Undercliffe","Wards and Electoral Divisions",WED,11488,637,168,0,168,469,241,175,43,10,1866,1128,906,126,72,24,468,270,1715,1041,507,111,56,947,239,237,2,708,704,4,932,481,451,386,65,1871,566,701,135,236,3,160,70,1491,203,255,442,587,4,1045,727,318,984,984,0
2357,E05001345,"Bowling and Barkerend","Wards and Electoral Divisions",WED,13592,440,109,0,109,331,188,98,32,13,1270,810,652,87,56,15,272,188,1257,694,468,75,20,1051,301,296,5,750,747,3,924,505,419,359,60,2143,532,869,186,347,12,131,66,2289,277,494,555,956,7,2756,2306,450,1462,1462,0
2358,E05001346,"Bradford Moor","Wards and Electoral Divisions",WED,13537,313,68,1,67,245,147,67,30,1,1014,694,544,78,50,22,191,129,984,505,403,61,15,1193,337,336,1,856,854,2,731,369,362,329,33,1845,600,703,106,279,8,107,42,1892,254,451,400,783,4,3682,3257,425,1883,1883,0
2359,E05001347,City,"Wards and Electoral Divisions",WED,17858,543,66,0,66,477,271,150,44,12,1208,820,643,86,67,24,249,139,1030,514,418,72,26,1009,305,305,0,704,692,12,727,429,298,254,44,1722,495,586,101,375,14,121,30,2104,195,629,355,921,4,3274,2820,454,6241,6241,0
2360,E05001348,"Clayton and Fairweather Green","Wards and Electoral Divisions",WED,11528,695,169,0,169,526,272,196,50,8,2021,1338,1113,110,87,28,421,262,1586,916,479,141,50,934,231,231,0,703,690,13,818,447,371,321,50,1785,465,720,157,252,2,139,50,1672,165,317,465,715,10,991,735,256,1026,1026,0
2361,E05001349,Craven,"Wards and Electoral Divisions",WED,11977,1420,372,4,368,1048,543,375,107,23,3003,1966,1577,177,169,43,644,393,1691,1033,430,189,39,1470,374,352,22,1096,996,100,800,414,386,349,37,1508,446,597,96,161,18,146,44,1187,194,181,397,402,13,238,162,76,660,660,0
2362,E05001350,Eccleshill,"Wards and Electoral Divisions",WED,12554,582,147,0,147,435,228,168,31,8,1900,1075,865,137,63,10,496,329,1748,1042,573,96,37,940,212,211,1,728,724,4,1104,587,517,453,64,2292,634,933,198,292,9,167,59,2092,251,327,571,937,6,1037,694,343,859,859,0
2363,E05001351,"Great Horton","Wards and Electoral Divisions",WED,11931,526,108,0,108,418,239,134,34,11,1429,916,787,70,49,10,317,196,1349,802,411,99,37,1023,250,250,0,773,771,2,729,388,341,294,47,1857,561,722,133,283,1,112,45,1886,217,462,416,785,6,1893,1549,344,1239,1239,0
2364,E05001352,Heaton,"Wards and Electoral Divisions",WED,11220,826,135,2,133,691,384,176,116,15,1747,1270,1031,84,128,27,297,180,1179,671,360,124,24,1120,357,357,0,763,757,6,544,297,247,220,27,1253,359,484,78,160,0,109,63,1130,154,291,258,421,6,1994,1712,282,1427,1427,0
2365,E05001353,"Idle and Thackley","Wards and Electoral Divisions",WED,12104,1411,400,1,399,1011,442,470,79,20,2984,1863,1450,246,141,26,695,426,1964,1197,562,137,68,1146,320,313,7,826,812,14,864,391,473,405,68,1520,425,532,143,167,4,180,69,1101,132,137,423,402,7,422,251,171,692,692,0
2366,E05001354,Ilkley,"Wards and Electoral Divisions",WED,9951,2225,443,7,436,1782,989,407,341,45,3061,2045,1508,173,312,52,719,297,1140,759,271,98,12,1014,318,310,8,696,673,23,374,220,154,140,14,838,301,312,19,72,5,94,35,447,115,49,113,158,12,198,113,85,654,654,0
2367,E05001355,"Keighley Central","Wards and Electoral Divisions",WED,11980,572,140,2,138,432,220,136,63,13,1377,901,739,84,66,12,299,177,1030,553,364,92,21,1225,320,319,1,905,897,8,759,425,334,301,33,1750,519,695,141,244,7,97,47,1794,192,451,434,713,4,2322,1910,412,1151,1151,0
2368,E05001356,"Keighley East","Wards and Electoral Divisions",WED,12027,1021,293,0,293,728,372,260,82,14,2381,1506,1193,149,140,24,555,320,1606,938,456,157,55,1253,319,315,4,934,912,22,842,464,378,342,36,1732,549,633,138,216,7,128,61,1563,204,265,482,599,13,808,579,229,821,821,0
2369,E05001357,"Keighley West","Wards and Electoral Divisions",WED,11813,564,174,1,173,390,227,136,25,2,1770,1036,864,109,50,13,463,271,1514,854,471,143,46,902,219,218,1,683,670,13,1047,554,493,429,64,2297,671,885,208,311,9,142,71,2108,231,319,634,918,6,796,490,306,815,815,0
2370,E05001358,"Little Horton","Wards and Electoral Divisions",WED,13819,375,72,0,72,303,155,83,55,10,1059,710,597,65,41,7,220,129,1062,526,399,121,16,1014,259,259,0,755,754,1,798,450,348,301,47,2041,589,787,157,313,4,134,57,2452,223,679,514,1032,4,3433,2932,501,1585,1585,0
2371,E05001359,Manningham,"Wards and Electoral Divisions",WED,13143,405,50,0,50,355,204,83,55,13,988,685,542,62,68,13,207,96,901,458,355,77,11,1079,330,328,2,749,748,1,681,336,345,305,40,1570,442,600,105,284,6,99,34,1832,239,506,359,725,3,4002,3587,415,1685,1685,0
2372,E05001360,Queensbury,"Wards and Electoral Divisions",WED,12017,1068,297,1,296,771,369,332,53,17,2506,1554,1232,190,107,25,568,384,1956,1191,580,120,65,1136,249,243,6,887,866,21,983,469,514,463,51,1702,480,653,147,186,5,169,62,1323,176,196,486,455,10,533,351,182,810,810,0
2373,E05001361,Royds,"Wards and Electoral Divisions",WED,12147,568,169,0,169,399,197,175,21,6,1872,1115,930,121,49,15,420,337,1626,935,490,155,46,887,213,211,2,674,670,4,1029,550,479,380,99,2239,621,897,211,268,4,182,56,2062,215,331,648,860,8,1052,709,343,812,812,0
2374,E05001362,Shipley,"Wards and Electoral Divisions",WED,11437,1552,281,0,281,1271,738,385,125,23,2935,2100,1724,181,158,37,528,307,1672,1035,449,138,50,866,217,217,0,649,644,5,689,384,305,258,47,1383,373,570,110,173,3,104,50,969,162,131,283,389,4,601,400,201,770,770,0
2375,E05001363,"Thornton and Allerton","Wards and Electoral Divisions",WED,12317,881,223,0,223,658,351,223,64,20,2440,1621,1354,140,104,23,492,327,1737,992,530,158,57,1116,290,288,2,826,794,32,867,429,438,389,49,1865,428,791,133,242,6,195,70,1592,193,246,462,682,9,963,666,297,856,856,0
2376,E05001364,Toller,"Wards and Electoral Divisions",WED,13096,558,89,1,88,469,263,97,97,12,1275,915,763,63,69,20,216,144,1039,546,397,76,20,1317,389,388,1,928,926,2,585,326,259,235,24,1592,456,607,67,300,5,113,44,1614,198,472,344,597,3,3332,2958,374,1784,1784,0
2377,E05001365,Tong,"Wards and Electoral Divisions",WED,14234,707,176,0,176,531,267,211,44,9,1813,1068,846,123,83,16,452,293,1521,842,528,96,55,916,230,222,8,686,677,9,1168,690,478,391,87,2533,655,975,252,371,7,193,80,2904,240,535,687,1425,17,1636,1115,521,1036,1036,0
2378,E05001366,Wharfedale,"Wards and Electoral Divisions",WED,8293,1650,376,8,368,1274,669,380,213,12,2551,1721,1379,142,169,31,557,273,1152,757,292,88,15,852,247,240,7,605,577,28,355,201,154,139,15,715,239,255,35,43,5,99,39,403,117,58,97,129,2,116,75,41,499,499,0
2379,E05001367,Wibsey,"Wards and Electoral Divisions",WED,10362,541,147,0,147,394,206,149,33,6,1586,1013,831,110,60,12,335,238,1618,1004,461,96,57,884,208,208,0,676,674,2,853,428,425,358,67,1681,481,634,143,209,5,147,62,1671,207,264,508,683,9,793,553,240,735,735,0
2380,E05001368,"Windhill and Wrose","Wards and Electoral Divisions",WED,11801,715,228,0,228,487,249,192,39,7,1963,1097,880,138,54,25,535,331,1741,1090,481,115,55,917,225,224,1,692,682,10,1002,492,510,441,69,2104,569,818,207,290,8,154,58,1817,222,257,602,726,10,763,476,287,779,779,0
2381,E05001369,"Worth Valley","Wards and Electoral Divisions",WED,10874,1242,345,0,345,897,467,314,97,19,2676,1694,1321,152,170,51,599,383,1464,846,450,114,54,1512,354,348,6,1158,1064,94,727,403,324,286,38,1333,363,508,83,151,11,139,78,1024,148,121,384,365,6,329,207,122,567,567,0
2382,E05001370,Wyke,"Wards and Electoral Divisions",WED,11143,695,227,0,227,468,245,188,25,10,1914,1135,900,151,71,13,453,326,1714,1046,497,105,66,978,211,208,3,767,756,11,1002,507,495,382,113,1800,444,671,189,249,12,182,53,1671,171,242,576,677,5,652,404,248,717,717,0
2383,E05001371,Brighouse,"Wards and Electoral Divisions",WED,8242,858,247,2,245,611,293,235,69,14,1798,1151,939,109,85,18,419,228,1177,727,324,101,25,725,202,200,2,523,511,12,648,351,297,251,46,1218,318,424,126,179,3,113,55,1021,127,152,322,417,3,316,173,143,481,481,0
2384,E05001372,Calder,"Wards and Electoral Divisions",WED,8960,1392,296,5,291,1096,614,292,159,31,2629,1985,1459,114,367,45,409,235,882,504,259,93,26,1082,240,234,6,842,784,58,485,281,204,177,27,991,253,399,97,115,7,68,52,691,128,114,223,222,4,275,147,128,533,533,0
2385,E05001373,Elland,"Wards and Electoral Divisions",WED,8570,660,171,1,170,489,239,204,37,9,1626,1016,789,134,60,33,415,195,1235,748,358,93,36,749,201,199,2,548,542,6,697,356,341,292,49,1378,313,491,144,244,1,131,54,1253,137,231,365,514,6,473,280,193,499,499,0
2386,E05001374,"Greetland and Stainland","Wards and Electoral Divisions",WED,8505,1078,308,1,307,770,346,335,72,17,2079,1316,1046,138,106,26,532,231,1155,717,297,116,25,967,272,264,8,695,672,23,612,300,312,289,23,1060,259,398,98,154,5,91,55,784,96,102,291,290,5,267,133,134,503,503,0
2387,E05001375,"Hipperholme and Lightcliffe","Wards and Electoral Divisions",WED,8267,1090,292,2,290,798,387,300,96,15,2131,1372,1084,165,104,19,480,279,1261,834,297,97,33,836,236,228,8,600,587,13,514,267,247,212,35,990,257,364,78,147,1,96,47,774,136,112,247,270,9,218,132,86,453,453,0
2388,E05001376,"Illingworth and Mixenden","Wards and Electoral Divisions",WED,9290,550,160,0,160,390,165,174,44,7,1526,878,716,79,67,16,397,251,1221,718,376,97,30,755,178,175,3,577,565,12,755,393,362,317,45,1742,403,641,209,325,2,107,55,1468,162,245,449,607,5,634,355,279,639,639,0
2389,E05001377,Luddendenfoot,"Wards and Electoral Divisions",WED,7866,1030,262,3,259,768,416,230,110,12,1980,1378,1069,119,164,26,389,213,947,582,272,72,21,977,228,218,10,749,704,45,457,241,216,191,25,913,174,380,89,127,6,88,49,804,144,135,265,256,4,243,132,111,515,515,0
2390,E05001378,"Northowram and Shelf","Wards and Electoral Divisions",WED,8629,960,280,0,280,680,320,286,58,16,2129,1370,1078,170,104,18,464,295,1482,915,398,125,44,955,275,272,3,680,665,15,596,294,302,279,23,1036,283,312,93,166,4,131,47,775,110,107,301,249,8,201,123,78,495,495,0
2391,E05001379,Ovenden,"Wards and Electoral Divisions",WED,8964,359,113,0,113,246,102,107,31,6,1223,733,606,78,39,10,278,212,1077,625,332,91,29,603,137,137,0,466,463,3,726,392,334,294,40,1806,457,640,203,340,2,121,43,1777,160,311,533,769,4,760,415,345,633,633,0
2392,E05001380,Park,"Wards and Electoral Divisions",WED,10145,361,58,0,58,303,142,108,42,11,869,564,458,61,37,8,174,131,834,454,318,51,11,858,262,262,0,596,594,2,519,310,209,179,30,1547,426,528,106,347,3,107,30,1546,126,442,422,555,1,2340,2017,323,1271,1271,0
2393,E05001381,Rastrick,"Wards and Electoral Divisions",WED,8384,869,224,1,223,645,325,247,61,12,1884,1179,946,128,84,21,438,267,1156,706,348,81,21,681,177,175,2,504,498,6,638,328,310,262,48,1229,359,405,134,153,2,124,52,1059,129,141,348,437,4,379,241,138,489,489,0
2394,E05001382,Ryburn,"Wards and Electoral Divisions",WED,8402,1144,303,2,301,841,381,320,120,20,2166,1344,1034,150,124,36,563,259,983,601,279,81,22,979,326,317,9,653,609,44,502,259,243,218,25,1001,229,364,87,174,8,87,52,838,113,130,289,291,15,284,154,130,505,505,0
2395,E05001383,Skircoat,"Wards and Electoral Divisions",WED,9118,1495,301,1,300,1194,605,419,142,28,2313,1658,1361,142,122,33,431,224,1281,815,312,126,28,757,213,212,1,544,541,3,442,244,198,183,15,1058,255,349,78,168,1,131,76,714,95,91,271,253,4,424,314,110,634,634,0
2396,E05001384,"Sowerby Bridge","Wards and Electoral Divisions",WED,8827,734,164,0,164,570,266,247,43,14,1785,1193,989,122,65,17,344,248,1265,777,365,93,30,786,189,189,0,597,586,11,718,381,337,296,41,1443,374,513,126,260,4,118,48,1177,146,168,382,478,3,398,248,150,521,521,0
2397,E05001385,Todmorden,"Wards and Electoral Divisions",WED,8969,791,192,0,192,599,345,165,71,18,1984,1356,1042,109,179,26,399,229,987,535,335,88,29,995,221,218,3,774,738,36,643,341,302,276,26,1432,316,617,166,193,10,86,44,1103,164,180,352,393,14,493,308,185,541,541,0
2398,E05001386,Town,"Wards and Electoral Divisions",WED,9053,579,141,2,139,438,182,212,34,10,1532,945,749,133,56,7,379,208,1156,637,376,99,44,717,149,149,0,568,560,8,799,454,345,307,38,1689,412,591,184,338,4,108,52,1502,172,212,444,666,8,588,316,272,491,491,0
2399,E05001387,Warley,"Wards and Electoral Divisions",WED,8575,575,159,0,159,416,194,183,34,5,1489,961,795,93,64,9,306,222,1214,792,310,75,37,708,195,195,0,513,504,9,671,354,317,284,33,1473,365,486,130,329,4,116,43,1248,124,223,430,465,6,617,413,204,580,580,0
2400,E05001389,Ashbrow,"Wards and Electoral Divisions",WED,13955,1129,300,1,299,829,427,287,104,11,2462,1564,1240,158,143,23,588,310,1482,871,450,106,55,1051,311,310,1,740,733,7,962,539,423,349,74,2058,609,828,124,266,5,150,76,2156,208,427,511,999,11,1346,938,408,1309,1309,0
2401,E05001390,"Batley East","Wards and Electoral Divisions",WED,13398,704,154,3,151,550,284,168,84,14,1731,1059,840,137,60,22,422,250,1370,721,515,106,28,1152,363,361,2,789,784,5,806,471,335,296,39,2058,796,529,159,384,0,139,51,2193,156,599,597,835,6,2228,1935,293,1156,1156,0
2402,E05001391,"Batley West","Wards and Electoral Divisions",WED,13636,815,208,1,207,607,321,200,74,12,1932,1202,985,139,63,15,458,272,1581,842,556,140,43,1191,286,286,0,905,900,5,1038,565,473,402,71,2207,673,733,185,405,7,146,58,2378,200,596,644,935,3,1499,1193,306,995,995,0
2403,E05001392,"Birstall and Birkenshaw","Wards and Electoral Divisions",WED,11937,1135,338,2,336,797,397,318,64,18,2524,1515,1193,184,114,24,616,393,1828,1140,510,126,52,1151,288,284,4,863,839,24,847,441,406,354,52,1635,451,529,169,244,12,180,50,1650,204,263,540,630,13,477,286,191,690,690,0
2404,E05001393,Cleckheaton,"Wards and Electoral Divisions",WED,12404,1084,321,3,318,763,373,313,59,18,2555,1551,1216,207,102,26,645,359,1780,1089,540,101,50,1218,325,314,11,893,872,21,1041,547,494,426,68,1876,510,609,212,306,11,184,44,1654,178,260,550,661,5,507,272,235,689,689,0
2405,E05001396,Dalton,"Wards and Electoral Divisions",WED,12902,786,218,1,217,568,320,193,49,6,2133,1318,1059,155,87,17,527,288,1571,896,470,148,57,1034,250,246,4,784,774,10,1102,558,544,453,91,2135,684,741,192,309,4,143,62,2077,246,332,613,876,10,883,572,311,1181,1181,0
2406,E05001397,"Denby Dale","Wards and Electoral Divisions",WED,12126,1618,449,5,444,1169,621,366,151,31,3016,1964,1585,202,144,33,689,363,1497,885,460,112,40,1356,382,350,32,974,903,71,909,476,433,392,41,1506,392,536,111,205,30,156,76,1263,164,218,420,445,16,308,195,113,653,653,0
2407,E05001398,"Dewsbury East","Wards and Electoral Divisions",WED,13716,837,236,1,235,601,321,213,56,11,2159,1247,1013,144,74,16,586,326,1721,990,556,128,47,1161,299,295,4,862,861,1,1171,633,538,465,73,2183,653,757,247,304,5,167,50,2477,233,469,786,981,8,1078,758,320,929,929,0
2408,E05001399,"Dewsbury South","Wards and Electoral Divisions",WED,13233,685,184,0,184,501,289,122,83,7,1727,1047,872,92,66,17,430,250,1331,712,480,98,41,1319,462,455,7,857,836,21,843,466,377,325,52,1916,695,609,204,209,8,143,48,2132,186,545,613,776,12,1906,1639,267,1374,1374,0
2409,E05001400,"Dewsbury West","Wards and Electoral Divisions",WED,13244,538,130,0,130,408,235,100,66,7,1416,917,767,87,48,15,339,160,1109,548,427,103,31,1282,388,384,4,894,890,4,878,472,406,358,48,1880,563,649,193,280,8,128,59,2579,171,748,624,1031,5,2334,1963,371,1228,1228,0
2410,E05001401,Golcar,"Wards and Electoral Divisions",WED,13490,1113,288,1,287,825,452,294,60,19,2861,1884,1539,186,125,34,609,368,1711,923,546,186,56,1099,209,208,1,890,881,9,1146,570,576,502,74,2115,575,875,179,283,2,136,65,1878,229,312,566,763,8,700,425,275,867,867,0
2411,E05001402,Greenhead,"Wards and Electoral Divisions",WED,14601,1241,233,1,232,1008,575,292,117,24,2472,1795,1440,156,166,33,440,237,1341,693,455,153,40,1250,325,322,3,925,923,2,794,442,352,294,58,1766,541,678,147,215,3,142,40,1798,184,464,421,718,11,1669,1349,320,2270,2270,0
2412,E05001403,Heckmondwike,"Wards and Electoral Divisions",WED,12173,786,231,1,230,555,297,200,49,9,1997,1228,987,141,91,9,475,294,1542,872,521,110,39,1219,330,325,5,889,880,9,977,484,493,431,62,1895,494,647,183,340,7,158,66,1783,185,373,576,642,7,1084,850,234,890,890,0
2413,E05001405,"Holme Valley South","Wards and Electoral Divisions",WED,14034,2181,588,1,587,1593,839,499,218,37,3864,2611,2035,229,294,53,821,432,1642,963,507,122,50,1702,508,478,30,1194,1141,53,816,412,404,347,57,1464,438,450,122,209,22,162,61,1169,173,218,358,403,17,338,191,147,858,858,0
2414,E05001407,Lindley,"Wards and Electoral Divisions",WED,13921,1807,445,2,443,1362,807,401,139,15,3336,2248,1875,220,119,34,702,386,1908,1151,491,204,62,1172,346,340,6,826,818,8,944,498,446,398,48,1768,510,677,106,211,7,193,64,1382,195,222,398,559,8,601,394,207,1003,1003,0
2415,E05001408,"Liversedge and Gomersal","Wards and Electoral Divisions",WED,14214,1242,410,0,410,832,396,323,92,21,2777,1653,1279,220,121,33,750,374,1877,1114,611,102,50,1303,373,365,8,930,907,23,1212,576,636,551,85,2327,597,837,226,392,13,198,64,1993,215,353,658,761,6,663,382,281,820,820,0
2416,E05001409,Mirfield,"Wards and Electoral Divisions",WED,14407,1546,438,2,436,1108,572,382,136,18,3342,2089,1684,234,131,40,822,431,2137,1295,648,142,52,1378,416,412,4,962,944,18,1127,562,565,498,67,1878,556,642,167,216,9,219,69,1611,215,269,562,559,6,484,302,182,904,904,0
2417,E05001410,Newsome,"Wards and Electoral Divisions",WED,15521,844,162,0,162,682,416,189,66,11,2150,1383,1112,123,119,29,501,266,1322,733,434,126,29,950,242,241,1,708,698,10,928,520,408,359,49,1947,562,772,154,274,4,130,51,1964,203,398,542,813,8,1413,1022,391,4003,4003,0
2418,E05001411,"Adel and Wharfedale","Wards and Electoral Divisions",WED,13947,2709,546,6,540,2163,1192,618,319,34,3840,2583,1981,277,253,72,831,426,2004,1364,480,106,54,1421,413,397,16,1008,975,33,613,344,269,246,23,1323,395,479,83,109,7,194,56,710,145,71,212,270,12,406,267,139,921,921,0
2419,E05001412,Alwoodley,"Wards and Electoral Divisions",WED,16379,2972,497,6,491,2475,1402,662,374,37,4140,2818,2148,293,272,105,916,406,2263,1481,570,160,52,1622,514,509,5,1108,1096,12,717,424,293,264,29,1669,567,646,70,95,6,213,72,930,251,90,258,323,8,801,554,247,1265,1265,0
2420,E05001413,"Ardsley and Robin Hood","Wards and Electoral Divisions",WED,16498,1676,435,4,431,1241,609,534,76,22,3643,2189,1665,357,137,30,929,525,2675,1647,776,152,100,1492,376,369,7,1116,1091,25,1217,603,614,562,52,2288,719,804,168,242,12,289,54,1880,222,213,765,670,10,632,411,221,995,995,0
2421,E05001414,Armley,"Wards and Electoral Divisions",WED,19184,1255,222,0,222,1033,569,372,68,24,3093,1980,1586,206,168,20,683,430,2406,1418,740,186,62,1324,297,291,6,1027,1020,7,1548,908,640,567,73,3248,924,1300,309,397,7,233,78,3292,378,456,893,1542,23,1757,1139,618,1261,1261,0
2422,E05001415,"Beeston and Holbeck","Wards and Electoral Divisions",WED,15976,791,174,1,173,617,340,232,32,13,2233,1388,1095,164,104,25,520,325,2087,1183,702,152,50,1119,254,254,0,865,859,6,1269,764,505,444,61,2870,833,1132,295,295,8,238,69,2752,290,388,732,1330,12,1647,1104,543,1208,1208,0
2423,E05001416,"Bramley and Stanningley","Wards and Electoral Divisions",WED,15649,1215,273,0,273,942,491,395,45,11,2812,1767,1412,233,101,21,631,414,2217,1361,627,163,66,1103,240,240,0,863,853,10,1260,687,573,522,51,2729,752,1065,300,310,10,237,55,2324,296,304,754,963,7,994,640,354,995,995,0
2424,E05001417,"Burmantofts and Richmond Hill","Wards and Electoral Divisions",WED,18074,672,113,0,113,559,326,192,35,6,2195,1465,1227,144,78,16,454,276,1960,1052,577,274,57,914,248,248,0,666,665,1,1242,740,502,447,55,3220,846,1506,260,375,6,181,46,3495,387,438,779,1883,8,2450,1688,762,1926,1926,0
2425,E05001418,"Calverley and Farsley","Wards and Electoral Divisions",WED,16724,2194,460,3,457,1734,931,659,115,29,4084,2781,2215,361,168,37,811,492,2578,1618,701,183,76,1553,409,404,5,1144,1119,25,1156,583,573,526,47,2073,632,739,192,221,5,215,69,1558,207,237,562,542,10,564,389,175,964,964,0
2426,E05001419,"Chapel Allerton","Wards and Electoral Divisions",WED,17682,2339,297,1,296,2042,1320,560,135,27,3870,2959,2394,254,278,33,591,320,1925,1051,641,197,36,1127,231,226,5,896,890,6,881,533,348,306,42,2151,570,1045,121,180,4,141,90,1675,239,220,365,840,11,1746,1251,495,1968,1968,0
2427,E05001420,"City and Hunslet","Wards and Electoral Divisions",WED,28467,3451,346,3,343,3105,1956,950,147,52,4588,3171,2377,518,203,73,1037,380,2490,1418,782,226,64,1092,286,286,0,806,804,2,1338,854,484,427,57,2706,792,1147,209,311,7,184,56,2610,382,362,557,1301,8,2287,1644,643,7905,7905,0
2428,E05001421,"Cross Gates and Whinmoor","Wards and Electoral Divisions",WED,15934,1091,279,1,278,812,429,327,48,8,2962,1776,1442,206,104,24,733,453,2555,1511,733,216,95,1234,269,265,4,965,956,9,1397,745,652,586,66,2821,875,1117,269,227,7,262,64,2144,316,217,742,853,16,745,453,292,985,985,0
2429,E05001422,"Farnley and Wortley","Wards and Electoral Divisions",WED,17708,1226,314,0,314,912,471,387,43,11,3121,1863,1528,208,93,34,792,466,2779,1670,827,188,94,1358,306,303,3,1052,1036,16,1510,768,742,677,65,2955,912,1071,297,277,9,304,85,2653,328,271,894,1143,17,1016,596,420,1090,1090,0
2430,E05001423,"Garforth and Swillington","Wards and Electoral Divisions",WED,14552,1373,376,1,375,997,503,412,61,21,3218,1956,1594,234,94,34,723,539,2437,1546,617,168,106,1195,314,302,12,881,856,25,1222,578,644,581,63,2246,734,816,171,193,14,241,77,1525,225,141,585,567,7,360,227,133,976,976,0
2431,E05001424,"Gipton and Harehills","Wards and Electoral Divisions",WED,18067,600,97,0,97,503,307,150,40,6,1749,1190,1020,88,68,14,337,222,1607,824,580,173,30,1458,325,324,1,1133,1129,4,1168,623,545,500,45,3083,843,1429,219,347,6,180,59,2767,354,419,514,1473,7,3544,2822,722,2091,2091,0
2432,E05001425,"Guiseley and Rawdon","Wards and Electoral Divisions",WED,16255,2553,562,2,560,1991,1007,736,211,37,4261,2838,2220,353,220,45,928,495,2462,1540,679,177,66,1662,437,428,9,1225,1190,35,987,523,464,394,70,1895,570,718,125,185,9,223,65,1151,229,110,380,422,10,354,190,164,930,930,0
2433,E05001426,Harewood,"Wards and Electoral Divisions",WED,13197,2614,650,9,641,1964,1025,522,363,54,3755,2307,1699,245,293,70,1052,396,1802,1262,398,98,44,1640,583,552,31,1057,976,81,574,307,267,247,20,1141,392,369,64,78,19,177,42,625,158,50,208,199,10,280,158,122,766,766,0
2434,E05001427,Headingley,"Wards and Electoral Divisions",WED,19288,983,81,1,80,902,630,214,46,12,1622,1250,998,124,112,16,237,135,902,501,276,106,19,375,78,77,1,297,296,1,377,262,115,110,5,792,275,329,41,41,2,69,35,523,197,49,101,171,5,571,377,194,13143,13143,0
2435,E05001428,Horsforth,"Wards and Electoral Divisions",WED,15885,2858,555,3,552,2303,1274,754,228,47,4455,3086,2458,331,236,61,911,458,2281,1495,562,157,67,1386,381,373,8,1005,988,17,775,408,367,331,36,1486,447,574,99,103,9,183,71,967,206,84,331,340,6,384,238,146,1293,1293,0
2436,E05001429,"Hyde Park and Woodhouse","Wards and Electoral Divisions",WED,22870,836,72,0,72,764,557,150,47,10,1593,1137,859,109,144,25,311,145,1166,612,398,137,19,581,145,144,1,436,434,2,691,460,231,211,20,1558,465,730,90,136,3,96,38,1306,247,139,229,682,9,1554,1148,406,13585,13585,0
2437,E05001430,"Killingbeck and Seacroft","Wards and Electoral Divisions",WED,16656,745,170,0,170,575,303,224,37,11,2196,1339,1119,125,76,19,499,358,2030,1072,657,239,62,1046,240,239,1,806,800,6,1385,816,569,503,66,3405,1054,1456,302,337,11,177,68,2972,358,330,842,1424,18,1665,1072,593,1212,1212,0
2438,E05001431,"Kippax and Methley","Wards and Electoral Divisions",WED,15421,1337,364,0,364,973,489,404,66,14,3183,1909,1535,234,110,30,773,501,2430,1504,671,154,101,1341,333,320,13,1008,967,41,1440,701,739,672,67,2407,713,911,193,291,16,221,62,2000,258,192,764,769,17,474,295,179,809,809,0
2439,E05001432,Kirkstall,"Wards and Electoral Divisions",WED,17363,1475,185,1,184,1290,795,401,75,19,3048,2266,1836,249,159,22,492,290,1981,1209,571,177,24,909,182,181,1,727,719,8,958,570,388,348,40,2156,613,956,165,210,1,156,55,1723,298,178,456,782,9,1097,697,400,4016,4016,0
2440,E05001433,"Middleton Park","Wards and Electoral Divisions",WED,18647,783,208,1,207,575,284,250,32,9,2341,1346,1118,159,56,13,633,362,2369,1361,725,185,98,1126,270,268,2,856,851,5,1589,930,659,585,74,3775,1087,1511,418,407,17,231,104,3647,399,449,1096,1693,10,1718,1080,638,1299,1299,0
2441,E05001434,Moortown,"Wards and Electoral Divisions",WED,16594,3029,438,1,437,2591,1632,694,214,51,4333,3234,2528,325,291,90,707,392,2227,1398,617,153,59,1403,387,386,1,1016,1010,6,765,448,317,296,21,1707,555,680,90,120,4,205,53,1014,222,133,307,343,9,821,568,253,1295,1295,0
2442,E05001435,"Morley North","Wards and Electoral Divisions",WED,16935,1799,454,1,453,1345,635,612,74,24,3804,2323,1789,346,151,37,922,559,2874,1839,764,157,114,1461,374,367,7,1087,1072,15,1365,666,699,644,55,2337,829,738,199,228,5,273,65,1900,221,189,772,709,9,499,278,221,896,896,0
2443,E05001436,"Morley South","Wards and Electoral Divisions",WED,16242,1596,352,0,352,1244,630,532,56,26,3415,2101,1655,309,111,26,857,457,2638,1619,769,138,112,1224,303,296,7,921,907,14,1306,653,653,595,58,2499,884,798,267,262,9,218,61,2132,214,243,755,908,12,631,375,256,801,801,0
2444,E05001437,"Otley and Yeadon","Wards and Electoral Divisions",WED,16132,1797,385,4,381,1412,773,458,146,35,3789,2446,1995,229,180,42,841,502,2236,1378,618,178,62,1672,357,349,8,1315,1280,35,1173,675,498,424,74,2516,728,978,193,286,21,232,78,1602,291,183,475,634,19,461,262,199,886,886,0
2445,E05001438,Pudsey,"Wards and Electoral Divisions",WED,16257,1475,366,0,366,1109,549,479,64,17,3375,2161,1717,292,120,32,766,448,2610,1613,751,162,84,1454,353,351,2,1101,1088,13,1243,600,643,595,48,2530,727,878,276,277,7,287,78,2030,270,235,737,783,5,636,373,263,904,904,0
2446,E05001439,Rothwell,"Wards and Electoral Divisions",WED,14764,1618,426,1,425,1192,555,536,75,26,3215,1945,1524,260,134,27,801,469,2417,1571,621,149,76,1223,329,325,4,894,885,9,1169,593,576,521,55,2155,688,796,202,169,10,225,65,1624,218,142,631,621,12,488,312,176,855,855,0
2447,E05001440,Roundhay,"Wards and Electoral Divisions",WED,15953,3215,522,3,519,2693,1687,617,347,42,4268,3122,2428,305,321,68,739,407,1844,1084,536,193,31,1373,369,367,2,1004,995,9,637,388,249,225,24,1452,462,580,71,119,3,153,64,854,192,99,237,322,4,1017,770,247,1293,1293,0
2448,E05001441,"Temple Newsam","Wards and Electoral Divisions",WED,15518,1238,313,1,312,925,502,346,58,19,3078,1950,1562,214,137,37,691,437,2413,1483,624,223,83,1247,305,305,0,942,934,8,1213,611,602,534,68,2335,685,923,208,221,11,225,62,2021,258,225,648,874,16,863,571,292,1110,1110,0
2449,E05001442,Weetwood,"Wards and Electoral Divisions",WED,17322,2567,368,5,363,2199,1371,564,237,27,3754,2763,2199,273,245,46,643,348,1776,1116,463,164,33,1090,272,268,4,818,815,3,755,425,330,292,38,1531,453,652,80,113,4,157,72,952,206,84,277,379,6,759,521,238,4138,4138,0
2450,E05001443,Wetherby,"Wards and Electoral Divisions",WED,14709,2409,611,9,602,1798,935,579,250,34,3574,2141,1612,257,196,76,1007,426,2077,1397,525,106,49,1416,396,375,21,1020,973,47,804,504,300,264,36,1670,556,563,128,135,28,215,45,1320,226,159,395,520,20,647,542,105,792,792,0
2451,E05001444,"Ackworth, North Elmsall and Upton","Wards and Electoral Divisions",WED,11950,1024,279,2,277,745,402,235,99,9,2513,1523,1299,109,99,16,638,352,1444,817,462,110,55,1092,324,305,19,768,734,34,990,540,450,389,61,1620,451,654,116,202,11,123,63,2129,175,276,665,1002,11,478,319,159,660,660,0
2452,E05001445,"Airedale and Ferry Fryston","Wards and Electoral Divisions",WED,10596,380,114,0,114,266,141,94,26,5,1181,605,509,57,34,5,363,213,1063,583,356,81,43,610,173,173,0,437,426,11,1067,608,459,382,77,2207,598,742,221,453,13,137,43,2588,269,351,769,1180,19,989,682,307,511,511,0
2453,E05001446,"Altofts and Whitwood","Wards and Electoral Divisions",WED,12127,749,206,0,206,543,283,221,31,8,2144,1230,1019,136,68,7,561,353,1740,1028,505,144,63,872,238,233,5,634,623,11,1096,558,538,473,65,2006,562,715,209,310,3,151,56,2361,240,294,711,1107,9,523,336,187,636,636,0
2454,E05001447,"Castleford Central and Glasshoughton","Wards and Electoral Divisions",WED,11713,567,173,2,171,394,214,150,30,0,1837,1044,837,119,76,12,513,280,1491,844,467,114,66,749,179,178,1,570,567,3,1227,684,543,473,70,2405,684,861,256,380,7,158,59,2345,252,297,730,1054,12,528,353,175,564,564,0
2455,E05001448,"Crofton, Ryhill and Walton","Wards and Electoral Divisions",WED,11270,950,277,4,273,673,358,214,93,8,2218,1382,1122,150,88,22,528,308,1462,871,428,121,42,948,284,277,7,664,642,22,933,518,415,344,71,1887,590,697,148,222,9,158,63,1785,209,212,658,698,8,411,265,146,676,676,0
2456,E05001449,Featherstone,"Wards and Electoral Divisions",WED,11749,510,159,0,159,351,190,129,24,8,1647,934,755,106,60,13,461,252,1260,715,389,112,44,864,262,249,13,602,585,17,1103,605,498,423,75,2357,638,865,245,404,14,141,50,2645,245,414,858,1117,11,767,519,248,596,596,0
2457,E05001450,Hemsworth,"Wards and Electoral Divisions",WED,11312,474,148,0,148,326,184,109,26,7,1547,895,762,70,53,10,432,220,1220,652,420,118,30,808,210,205,5,598,581,17,966,554,412,345,67,2048,588,920,165,215,10,112,38,2784,272,348,864,1273,27,803,581,222,662,662,0
2458,E05001451,"Horbury and South Ossett","Wards and Electoral Divisions",WED,11142,1016,271,1,270,745,404,271,56,14,2469,1544,1231,187,99,27,590,335,1693,1028,509,113,43,1042,280,279,1,762,754,8,814,385,429,382,47,1640,527,585,149,128,5,176,70,1503,199,172,559,568,5,388,228,160,577,577,0
2459,E05001452,Knottingley,"Wards and Electoral Divisions",WED,10156,334,137,0,137,197,95,81,17,4,1214,688,554,91,37,6,321,205,1011,557,325,89,40,543,149,142,7,394,387,7,1319,715,604,436,168,2361,637,770,355,421,10,130,38,2165,213,320,677,933,22,695,455,240,514,514,0
2460,E05001453,Normanton,"Wards and Electoral Divisions",WED,11994,673,189,0,189,484,260,180,38,6,2057,1192,964,138,79,11,558,307,1515,845,479,125,66,869,237,235,2,632,621,11,1020,545,475,400,75,2010,532,783,192,281,7,174,41,2586,221,358,674,1323,10,597,393,204,667,667,0
2461,E05001454,Ossett,"Wards and Electoral Divisions",WED,11894,978,297,0,297,681,354,268,46,13,2470,1484,1174,192,96,22,634,352,1780,1067,532,122,59,1119,301,297,4,818,808,10,1007,492,515,456,59,1826,607,602,190,196,2,180,49,1677,205,213,626,627,6,444,237,207,593,593,0
2462,E05001455,"Pontefract North","Wards and Electoral Divisions",WED,11736,685,201,1,200,484,297,150,35,2,2099,1296,1063,146,76,11,522,281,1463,861,379,157,66,787,229,226,3,558,547,11,1157,615,542,464,78,2308,625,779,196,481,15,162,50,2045,233,287,614,903,8,628,412,216,564,564,0
2463,E05001456,"Pontefract South","Wards and Electoral Divisions",WED,10841,917,275,1,274,642,356,194,78,14,2101,1317,1103,96,99,19,464,320,1396,839,366,139,52,810,250,243,7,560,538,22,943,515,428,376,52,1870,524,628,162,352,14,141,49,1681,217,213,503,739,9,543,329,214,580,580,0
2464,E05001457,"South Elmsall and South Kirkby","Wards and Electoral Divisions",WED,12833,518,164,0,164,354,186,145,19,4,1749,934,779,100,44,11,513,302,1341,741,474,102,24,855,244,240,4,611,601,10,1118,606,512,417,95,2098,559,922,174,220,12,157,54,3595,300,476,894,1910,15,837,565,272,722,722,0
2465,E05001458,"Stanley and Outwood East","Wards and Electoral Divisions",WED,11655,1100,302,0,302,798,421,307,60,10,2627,1623,1358,160,84,21,583,421,1776,1056,496,178,46,1027,255,253,2,772,756,16,974,494,480,441,39,1587,485,576,118,194,11,156,47,1514,174,145,546,638,11,401,266,135,649,649,0
2466,E05001459,"Wakefield East","Wards and Electoral Divisions",WED,11533,625,127,0,127,498,304,153,28,13,1605,1031,888,86,47,10,361,213,1126,572,356,160,38,897,223,223,0,674,674,0,805,466,339,282,57,1999,597,803,182,266,9,93,49,2444,227,402,581,1231,3,1288,936,352,744,744,0
2467,E05001460,"Wakefield North","Wards and Electoral Divisions",WED,11932,768,189,1,188,579,319,194,58,8,2033,1278,1038,141,74,25,469,286,1407,775,484,114,34,920,240,238,2,680,675,5,979,543,436,365,71,1852,524,707,182,260,9,120,50,2359,229,370,605,1150,5,926,690,236,688,688,0
2468,E05001461,"Wakefield Rural","Wards and Electoral Divisions",WED,12991,1419,417,0,417,1002,506,353,124,19,3025,1833,1483,199,122,29,768,424,1788,1079,486,157,66,1293,361,341,20,932,889,43,923,472,451,389,62,1732,565,640,135,168,17,155,52,1635,269,152,577,621,16,483,314,169,693,693,0
2469,E05001462,"Wakefield South","Wards and Electoral Divisions",WED,9846,1247,296,3,293,951,525,268,141,17,2158,1407,1140,137,109,21,497,254,1210,772,330,84,24,790,230,228,2,560,556,4,585,355,230,196,34,1281,419,479,106,129,9,88,51,1377,173,191,337,671,5,606,417,189,592,592,0
2470,E05001463,"Wakefield West","Wards and Electoral Divisions",WED,11015,539,163,0,163,376,208,122,40,6,1686,1004,804,113,74,13,428,254,1207,686,391,108,22,783,182,181,1,601,594,7,915,524,391,350,41,2046,674,744,201,222,11,135,59,2141,245,260,634,995,7,946,615,331,752,752,0
2471,E05001464,"Wrenthorpe and Outwood West","Wards and Electoral Divisions",WED,10712,965,290,1,289,675,353,257,54,11,2434,1488,1186,173,101,28,581,365,1682,1048,469,113,52,943,245,241,4,698,684,14,792,420,372,337,35,1536,475,564,120,154,7,149,67,1373,174,155,472,568,4,379,252,127,608,608,0
8330,E05008558,Almondbury,"Wards and Electoral Divisions",WED,13403,1267,362,0,362,905,475,312,103,15,2829,1800,1465,181,122,32,685,344,1689,1008,495,138,48,1139,313,311,2,826,811,15,1023,570,453,400,53,2030,605,738,164,282,3,190,48,1627,199,266,485,668,9,617,378,239,1182,1182,0
8331,E05008559,"Colne Valley","Wards and Electoral Divisions",WED,13005,1435,339,2,337,1096,601,350,123,22,3035,2030,1613,191,193,33,661,344,1582,886,470,161,65,1487,370,362,8,1117,1078,39,1083,554,529,428,101,1732,428,683,177,241,11,148,44,1506,153,274,496,571,12,415,222,193,730,730,0
8332,E05008560,"Crosland Moor and Netherton","Wards and Electoral Divisions",WED,13140,912,211,0,211,701,376,218,95,12,2025,1356,1085,124,114,33,428,241,1421,801,447,125,48,1238,346,342,4,892,876,16,868,451,417,372,45,1799,548,646,150,244,10,139,62,1791,195,419,423,748,6,1758,1447,311,1328,1328,0
8333,E05008561,"Holme Valley North","Wards and Electoral Divisions",WED,12173,1647,478,3,475,1169,600,398,153,18,2970,1916,1501,201,168,46,705,349,1632,948,509,127,48,1273,355,340,15,918,890,28,833,433,400,349,51,1512,453,501,135,199,4,170,50,1199,176,201,399,417,6,351,219,132,756,756,0
8334,E05008562,Kirkburton,"Wards and Electoral Divisions",WED,12561,1748,508,6,502,1240,617,417,179,27,3058,1966,1538,214,172,42,742,350,1424,888,394,100,42,1318,390,375,15,928,869,59,747,415,332,287,45,1185,334,407,96,133,14,156,45,994,152,161,326,340,15,263,140,123,1824,1824,0
